Years,Prediction
2004-05,100.0
2005-06,101.0
2006-07,99.0
2007-08,105.0
2008-09,112.0
2009-10,121.0
2010-11,117.0
2011-12,110.0
2012-13,107.88966951261568
2013-14,107.48493600364489
2014-15,107.25259967526286
2015-16,107.16264194612862
2016-17,107.13891111568216
2017-18,107.13463666021903
2018-19,107.1341107080038
2019-20,107.13406649460732
